Item (ex. Surgical Gloves),Manufacturer ,Quantity (ex. 200),,,
Bear hugger,3M,10,,,
IV caps,3M,1,,,
Bair Hugger,3M,2,,,
3M curos caps,3M,10,,,
COFLEX NL,3M,3,,,
Steri-Strip (reinforced skin closures),3M,30,,,
Steri-strip (reinforced skin closures),3M,9,,,
Tegaderm +Pad,3M,1,,,
Transpore Tape,3M,3,,,
Medipore + pad,3M,1,,,
Micropore,3M,1,,,
Tegaderm 2x2,3M,30,,,
Tegaderm 4x4,3M,13,,,
Steri-Drape,3M,3,,,
Adherent Wrap,3M,1,,,
Medipore ,3M,1,,,
curos 70% IPA,3M,1,,,
Adhesive wound dressing,3M,18,,,
Steri Drape,3M,2,,,
soft cloth surgical tape,3M,1,,,
Tegaderm,3M,4,,,
Medipore +pad,3M,1,,,
surgical masks,3M,20,,,
Particulate Respirator,3M,50,,,
Skin and Nasal Antiseptic Swab,3M,12,,,
Antimicrobial Incise Drape,3M,8,,,
Surgical Tape,3M,1,,,
Steri strip,3M,1,,,
Steristrip,3M,1,,,
Skin and Nasal Antiseptic swabs,3M,4,,,
DuraPrep Surgical Solution,3M,1,,,
Steri strip,3M,5,,,
Tegaderm film,3M,7,,,
N95,3M,12,,,
no sting barrier film,3M,12,,,
Surgical Tape,3M,1,,,
Tegaderm,3M,1,,,
N95 masks,3M,20,,,
Tape,3M,3,,,
Film Dressing,3M,5,,,
500 ML Canister for Therapy Systems,3M,1,,,
Gauze ,3M,9,,,
Skin Closure,3M,1,,,
IV Sticker,3M,1,,,
Electrolyte Powder,Abbott,1,,,
Transseptal needle,Abott,1,,,
Assorted Lab Supply,ACM,30,,,
athletic supporter,Actimove,1,,,
Catheter adapter,Addto,,,,
Catheter Adapter,Addto,9,,,
Catheter adapter,Addto ,1,,,
Camera cover ,Advance,1,,,
Camera Cover,Advance,9,,,
Snap Kap,Advance,6,,,
Foot Boots,Aircast ,2,,,
Suction device,AirLife,50,,,
Bacterial Filter,AirLife,2,,,
Isothermal adult omniflex connector,AirLife,2,,,
Compression stockings ,Albahealth,1,,,
Ulta comfort covers,Allen,5,,,
Comfort covers,Allen,1,,,
Cotton Balls,Amazon,200,,,
anesthesia face masking ,Ambu,1,,,
Single use layngeal mask,Ambu,1,,,
Disposable anesthesia face mask,Ambu,2,,,
Anesthesia face mask pediatrics ,Ambu,2,,,
face mask,Ambu,1,,,
Ambu CO2 detector,Ambu,1,,,
Single use laryngeal mask ,Ambu,1,,,
Ambu Bag,Ambu,1,,,
CO2 detector,Ambu,1,,,
Face mask ,Ambu,4,,,
Laryngeal Mask,Ambu ,19,,,
CO2 detector pedi,Ambu ,1,,,
Disposable Hyperinflation System,Ambu ,1,,,
CO2 Detector,Ambu ,1,,,
Face Mask,Ambu ,1,,,
Reservoir set ,Amcor,1,,,
milk collection system (breast pump),Ameda,1,,,
Female Luer,AMT,8,,,
Nasal Tube,AMT,1,,,
nasal feeding tube with stylet,AMT,1,,,
nasal feeding tube,AMT,1,,,
Nasal Feeding Tube,AMT,4,,,
Anaerobic Transport Mediums,Anaerobe Systems,30,,,
Compound Benzoin Tincture Swabstick,Aplicare,4,,,
Female Luer Adaptor,Applied Medical Technology ,1,,,
AMT Mini Enteral Extension Set,Applied Medical Technology ,30,,,
Swab specimens collection kit ,Aptima,3,,,
Swab Specimen,Aptima,15,,,
unisex swab specimen collection kit for endocervical and Male Urethral swab specimens ,Aptima,80,,,
unisex swab specimen collection kit for endocervical and male urethral swab specimans ,Aptima,6,,,
Swab specimen collection kit,Aptima,1,,,
Swab specimen collection kit,Aptima ,1,,,
Ultrasound Transmission Gel,Aquasonic,288,,,
Guidewire,Argon,2,,,
Sample boxes,Argos,20,,,
Argyle catheter,Argyle ,1,,,
Pressure Injectable Arrowg+ard Blue Plus Three-Lumrn CVC kit,Arrow,5,,,
Spring Wire Guide with Arrow Advancer,Arrow,2,,,
Catch guard ,Arrow,1,,,
Epidural Needle ,Arrow,9,,,
Epidural Needles 8.89cm,Arrow,6,,,
Epidural catheterization kit,Arrow,1,,,
radial artery catheterization set,Arrow,15,,,
Radial Artery Catheter,Arrow,1,,,
Spring wire guide ,Arrow ,1,,,
Cassette,ASP,2,,,
Cervical collar,Aspen,1,,,
Neck Bracr,Aspen,1,,,
Surgical Floor Mat,Aspen,1,,,
Thoracic Catheter,Atrium,1,,,
Thoracic Catheter,Atrium,1,,,
,AuraStraight,9,,,
Flex Connector,Avanos,1,,,
Ballard Manual Percussor for neonates,Avanos,1,,,
gastronomy feeding tube,Avanos,1,,,
single port feed extension set,Avanos,1,,,
Feeding tube kit ,Avanos,9,,,
Jejunal feeding tube ,Avanos,1,,,
nasal gastric feeding tube,Avanos,1,,,
Shyringe,Avanos,1,,,
Mic Peg Replacement Feeding Adaptor,Avanos,2,,,
Oral Syringe,Avanos ,18,,,
Gastrostomy Feeding Tube,Avanos ,1,,,
extension tubing ,Avanos ,1,,,
Spinal needle ,B Braun,1,,,
IV catheter,B Braun,2,,,
Introcan Saftey IV Catheter,B Braun,1,,,
filter needles,B Braun,100,,,
filter extension sets,B Braun,2,,,
iv administration sets,B Braun,1,,,
Safety IV Catheter ,B Braun,4,,,
Needles,B Braun,2,,,
IV catheter,B Braun,1,,,
Spinal Needle,B Braun,1,,,
IV Catheter,B Braun,4,,,
Spinal Needle,B Braun,1,,,
Spinal Needle,B Braun ,2,,,
Endotracheal Tube Bite Block,B&B Medical Technologies ,2,,,
MRI implantable port,band access systems,1,,,
Urological Catheter,Bard,2,,,
Foley catheter tray,Bard,1,,,
Urethral Catheterization Tray,Bard,1,,,
All-purpose urethral catheter,Bard,1,,,
All-silicone Foley catheter ,Bard,2,,,
MiniLoc Saftey Infusion Set,Bard,3,,,
Foley Catheter,Bard,1,,,
Urological catheter,Bard,1,,,
SureStep Foley Tray System,Bard,1,,,
All purpose urethral catheter,Bard,2,,,
Silicone round drain,Bard,5,,,
Temperature sensing hydrogel coated foley catheter,Bard,1,,,
Hubless Silicone flat drain,Bard,1,,,
Catheter,Bard,2,,,
Urethral Catheter,Bard,8,,,
Foley Catheter,Bard,2,,,
Safety Infusion set,Bard,1,,,
Safety Infusion Set,Bard,2,,,
Intermittent Catheter tray,Bard,1,,,
Safety Infusion Set,Bard,1,,,
Catheter tray,Bard,1,,,
Safety infusion set,Bard,1,,,
Disposable Care Biopsy Instrument ,Bard,1,,,
Urological Catheter,Bard,2,,,
Foley Tray System,Bard,1,,,
urethral cathater,Bard,4,,,
Safety infusion set,Bard,5,,,
Safety infusion set,Bard,2,,,
Foley Tray System ,Bard,2,,,
Foley Catheter,Bard,1,,,
Urological Catheter,Bard,1,,,
Urological catheter ,Bard ,4,,,
Biopsy Instrument ,Bard ,2,,,
protected disposable scalpels,Bard Parker,4,,,
Scalpel,Bard Parker,1,,,
protected disposable Scalpel stainless steel blade,Bard Parker,1,,,
Scalpel,Bard Parker ,1,,,
foley catheter,Bardex,7,,,
Catheter,Bardex,1,,,
Foley Catheter,Bardex ,1,,,
Luer lock-to-urethra tip adapter,Baxter,4,,,
Luer lock to Luer lock connector,Baxter,18,,,
Tisseel Spray Set,Baxter,1,,,
Short nose clamp for outlet port of plastic container,Baxter,1,,,
Needle free IV connector ,Baxter,2,,,
Tisseel Spray Set,Baxter,1,,,
MiniCap with Povidone Iodine Solution,Baxter,1,,,
Non-DEHP micro volume extension set ,Baxter,1,,,
One link needle free IV connector,Baxter,15,,,
Catheter extension set,Baxter,2,,,
Luer Lock to Urethra Tip Adapter,Baxter,39,,,
Intravia container,Baxter,2,,,
Solution Set,Baxter,2,,,
Prismaflex HF1400,Baxter ,4,,,
IV Connector ,Baxter ,3,,,
Skyla levonorgestrel-releasing intrauterine system,Bayer,2,,,
Skyla levonorgestrel-releasing intrauterine system,Bayer,1,,,
Transseptal needle,Baylis,1,,,
Safety Glide Needles,BD,40,,,
ChloraPrep Applicator,BD,3,,,
Needles,BD,88,,,
5mL Syringes,BD,20,,,
Gravity Burette,BD,10,,,
Chloraprep 3mL applicator,BD,1,,,
Safety glide needle,BD,5,,,
18G precisionglide needles,BD,90,,,
Gravity Burette Set,BD,10,,,
27G precisionglide needles,BD,90,,,
1ml Syringe ,BD,10,,,
BD safety glide needle,BD,26,,,
PCA administration kits ,BD,35,,,
Vacutainer,BD,2,,,
SafetyGlide Needle,BD,3,,,
Filter Needle,BD,2,,,
Needle,BD,1,,,
Gravity Burette,BD,3,,,
Maxguard Bi-fuse extension set,BD,4,,,
Gravity Burette Set,BD,2,,,
Gravity Burette Set,BD,1,,,
5ml Syringe,BD,32,,,
PCA Administration Kit,BD,50,,,
10ml syringe ,BD,14,,,
IV catheter,BD,50,,,
3ml syringe ,BD,46,,,
PCA Administration Kit,BD,44,,,
5ml syringe ,BD,15,,,
safety glide needle ,BD,2,,,
 50 mL syringe,BD,1,,,
IV catheter 3.25 in,BD,1,,,
IV catheter 1.75 in,BD,1,,,
Gravity Burette Set,BD,4,,,
IV catheter 1.77 in,BD,2,,,
Shielded IV catheter,BD,2,,,
shielded iv catheter 1.88 in,BD,1,,,
shielded iv catheter 1.16 in,BD,1,,,
Needle-Free Valves,BD,6,,,
Blunt Fill Needle,BD,1,,,
Shielded IV catheter 1.16 in,BD,1,,,
ESwab,BD,1,,,
Needle (0.5mm x 16mm),BD,1,,,
removable IV connector ,BD,1,,,
3mL Syringes,BD,10,,,
Sodium Flush Syringe,BD,3,,,
Neonatal Needle,BD,30,,,
3mL Applicator,BD,3,,,
Smallbore tubing,BD,4,,,
BD Neonatal Needle,BD,1,,,
3 mL applicator,BD,1,,,
3 mL applicator,BD,1,,,
MaxGuard Bi-fuse extension set,BD,1,,,
Spinal needle,BD,2,,,
Insyte Autoguard,BD,1,,,
Bi-fuse extension set,BD,1,,,
10 ml syringe,BD,2,,,
BD Whitacre Needle,BD,5,,,
Blunt Fill Needle-Filter,BD,20,,,
1 mL syringes,BD,9,,,
5mL syringes,BD,8,,,
SafetyGlide 1ml Syringe,BD,25,,,
10mL syringes,BD,12,,,
30 mal syringes,BD,2,,,
3 mL syringes ,BD,20,,,
1.5 needle,BD,1,,,
Luer Lock Connector ,BD,5,,,
SafetyGlide Needle ,BD,5,,,
Blood draw kits,BD,12,,,
Cap ,BD,90,,,
IV ,BD,20,,,
Eswab collection and transport system ,BD,1,,,
Serum marker,BD,2,,,
BD connecta ,BD,2,,,
IV administrator ,BD,2,,,
Blood collection needle ,BD,15,,,
reusable monoject plunger rod ,BD,1,,,
BD eclipse needle,BD,6,,,
50mL syringe ,BD,1,,,
Smartsite Needle Free Valve,BD,5,,,
Vacutainer,BD,27,,,
smallbore tubing ,BD,1,,,
Chloraprep Hi-Lite Orange,BD,1,,,
1mL Syringe ,BD,1,,,
Gravity set,BD,1,,,
Safety glide needle,BD,1,,,
Blood Collection Tubes,BD,200,,,
All purpose urethral catheter,BD,1,,,
Blood transfer device,BD,1,,,
Blood collection set,BD,12,,,
Administration kit,BD,1,,,
Syringe,BD,1,,,
Push button,BD,10,,,
Filter needle,BD,50,,,
Needles ,BD,7,,,
Blood Collection Needles,BD,14,,,
3mL Syringe,BD,13,,,
Intravenous Injection Kit ,BD,3,,,
safety glide needle,BD,1,,,
Blood Draw Kit,BD,23,,,
"Specimen Kit, Orange Cap",BD,21,,,
Spinal needle ,BD,6,,,
3mL applicator,BD,3,,,
Injection Kit,BD,14,,,
Blood Draw Kit,BD,12,,,
Giant syringes ,BD,4,,,
Extension set,BD,2,,,
Sample Collection Kit,BD,100,,,
Blood Draw Kit ,BD,18,,,
Extension set,BD,3,,,
PCA administration kit,BD,1,,,
Pump infusion set,BD,1,,,
"PCA administration kit, reusable monoject plunger rod",BD,1,,,
Pump Infusion Set,BD,1,,,
Swab collection kit ,BD,1,,,
Syringe,BD,1,,,
syringes,BD,2,,,
needle,BD,1,,,
Test Tubes Purple,BD,300,,,
Shielded IV Catheter,BD,1,,,
angiocath,BD,1,,,
Blood Draw Kit,BD,14,,,
blood collection tubes,BD,200,,,
Catheter,BD,2,,,
Blood Collection Set,BD,1,,,
Blood Collection Tubes ,BD,300,,,
9NC Blood Collection Tubes,BD,200,,,
Blood collection tubes (PST Gel and Lithium Heparin ),BD,200,,,
SafetyGlide Needle,BD,1,,,
IV Kit,BD,1,,,
Blunt Fill Needle Filter,BD,1,,,
Spinal Needle ,BD,3,,,
SafetyGlide 1 ml Syringe,BD,17,,,
Insulin Syringe,BD,73,,,
BD Secondary Set,BD,2,,,
IV Catheter,BD,1,,,
Safety Glide Needle,BD,39,,,
Blood Collection Set,BD,2,,,
IV Catheter,BD,1,,,
Safety Glide Needle (1 1/2 “),BD,35,,,
Syringes,BD,7,,,
Insyte-N Autoguard,BD,15,,,
Vacutainer ,BD,2,,,
Syringes,BD,12,,,
Safety Glide,BD,9,,,
secondary set,BD,2,,,
Blood Viles,BD,15,,,
Safetyglide needle,BD,1,,,
10 ml Syringe,BD,4,,,
Insyte Autoguard,BD,3,,,
E-Z Scrub 205,BD,23,,,
3ml Syringe,BD,2,,,
30 ml Syringe,BD,2,,,
Eclipse Needle ,BD,13,,,
Blood Collection Set ,BD,8,,,
30 ml syringe lure lok tip ,BD,12,,,
30 ml syringe,BD,2,,,
3mL syringe,BD,20,,,
Control Syringe,BD,1,,,
20ml syringe,BD,2,,,
3mL syringe,BD,8,,,
10ml vacutainer,BD,10,,,
Blood collection vial,BD,13,,,
10 mL syringe ,BD,2,,,
Syringe ,BD,1,,,
3 mL Applicator,BD,5,,,
Precision Needle,BD,30,,,
Precision needles,BD,3,,,
Glide Needles,BD,40,,,
Alaris Pump infusion set (0.2 Micron filter),BD,8,,,
autoguaed needles,BD,1,,,
needle,BD,1,,,
SafetyGlide Needle,BD,36,,,
Safety Guide Needles,BD,50,,,
PCA administration kit,BD,9,,,
Blood Transfer Device,BD,1,,,
Shielded Iv Catheter,BD,6,,,
Needle,BD,1,,,
needles ,BD,25,,,
Insulin Syringe,BD,2,,,
autoguard,BD,3,,,
vacutainer,BD,11,,,
vacutainer,BD,3,,,
vacutainer,BD,4,,,
BD PrecisionGlide Needle Aiguille BD PrecisionGlide,BD,100,,,
Injection Needle with Syringe,BD,50,,,
BD Vacutainer,BD,1,,,
BD Eclipse Needle,BD,104,,,
Injection needle,BD,50,,,
SafetyGlide Needle,BD,16,,,
Precision glide needle ,BD,3,,,
blood collection set,BD,16,,,
Safety glide injection needle,BD,2,,,
3 mL Applicator,BD,5,,,
4mL Blood Vial,BD,7,,,
Buff Na Citrate ,BD,6,,,
vacutainer,BD,17,,,
Plastipal 3ml syringe ,BD,2,,,
Blood Vial,BD,3,,,
syringe ,BD,58,,,
Blood collection set,BD,1,,,
Blood tubes,BD,4,,,
6 mL Blood Vial,BD,1,,,
tubes/ sodium fluoride ,BD,2,,,
4mL Blood Vial,BD,1,,,
Injection Needle,BD,2,,,
Needle,BD,80,,,
needle,BD,1,,,
10ml syringe,BD,2,,,
50 ml syringe,BD,1,,,
extension set (microbore),BD,10,,,
blood collection needle ,BD,5,,,
clear sample collector (15ml),BD,200,,,
Syringes,BD,2,,,
I’ve Sevondary Set,BD,1,,,
Needle,BD,8,,,
needle,BD,2,,,
Safety glide injection needles,BD,3,,,
Pressure Rated Extension Set,BD,1,,,
Blood Collection kit,BD,1,,,
Plastipak 3ml syringe,BD,4,,,
Surgical Scrub Brush,BD,1,,,
iv catheter ,BD,3,,,
pressure rates extension set ,BD,1,,,
3 mL Syringe,BD,1,,,
Extension Set Minibore,BD,1,,,
Swab set,BD,1,,,
IV catheter,BD,1,,,
Luer Lock,BD,2,,,
IV cathater,BD,5,,,
Injection Needles,BD,100,,,
Injection Needle with Luer Lok Syringe,BD,40,,,
Needle (subQ precision glide),BD,50,,,
Blood Collection Needle,BD,30,,,
Integra Syringe,BD,150,,,
Safetyglide Insulin,BD,45,,,
Blunt Fill Needle with filter,BD,100,,,
Maxzero,BD,30,,,
Latex Free Syringe,BD,225,,,
Blood Vial,BD,200,,,
eclipse blood collection needle,BD,200,,,
Assorted collection vials,BD,600,,,
blood collection set,BD,14,,,
0.2 micron low protein binding filter ,BD,1,,,
5mL syringe,BD,4,,,
Vial connector blood collection,BD,70,,,
Plasma collection kit,BD,5,,,
Blood collection needle,BD,5,,,
blood collection needles,BD,1,,,
Blood Collection Needle,BD,3,,,
Pump infusion Set (opened!),BD,1,,,
Catheter,BD,1,,,
3ml syringe ,BD,7,,,
Needle,BD,36,,,
Safety infusion set ,BD,1,,,
Safety Infusion Set,BD,1,,,
Safety Infusion Set,BD,32,,,
safety infusion set,BD,2,,,
Aliquot Plasma samples ,BioAgilytix,2,,,
Aliquot V plasma sample bags ,BioAgilytix,10,,,
DNA saliva kit ,BioAgilytix,3,,,
Surgical gloves,Biogel,2,,,
Protective disk with CHG,Biopatch,2,,,
Protective disk with CHG,Biopatch,1,,,
catheter,Biosense Webster,1,,,
,Biosense Webster,1,,,
Electrophysiology catheter,Biosense Webster,1,,,
Coronary stent system,Biotronik,1,,,
Temperature Ablation Catheter,Boston Scientific,1,,,
Blazer prime catheter,Boston Scientific,1,,,
1,Boston Scientific,1,,,
Polypectomy snare 15mm rounded-stiff,Boston Scientific,1,,,
Venous walkstent,Boston Scientific,1,,,
PeriVac Kit,Boston Scientific,1,,,
guidewire with ICE Hydrophilic Coating ,Boston Scientific,1,,,
Balloon Dilation catheter ,Boston Scientific ,1,,,
AngioJet Ultra Power Pulse Kit,Boston Scientific ,2,,,
protective seal ,Brava,1,,,
Adhesive Fabric,BSN,2,,,
Straight Tubing Connector,Busse,2,,,
Thumb forceps ,Busse,9,,,
Tweezers,Busse,18,,,
Skin staple remover,Busse,5,,,
Irrigation Splash guard,Busse,1,,,
Y tubing connector,Busse,1,,,
Needle Blade,BVI Beaver,1,,,
needles,Unknown,2,,,
Safety Needle,Caina,18,,,
Suction Catheter with Chimney Valve,Cardinal Health,12,,,
Suction Catheter with Chimney Valve ,Cardinal Health,3,,,
Graduated Suction Catheter with Chimney Valve,Cardinal Health,1,,,
Med Bags ,Cardinal Health,3,,,
Med Bag,Cardinal Health,5,,,
Pacemaker sheet ,Cardinal Health,5,,,
Adult briefs ,Cardinal Health,20,,,
alcohol prep pads,Cardinal Health,2,,,
Precision glide needle,Cardinal Health,1,,,
Quilted adult diapers,Cardinal Health,18,,,
Adult Dipers,Cardinal Health,36,,,
Staple removal kit ,Cardinal Health,46,,,
Quilted Adult Briefs,Cardinal Health,18,,,
Quilted Adult Briefs,Cardinal Health,12,,,
Alcohol prep,Cardinal Health,11,,,
Underpads,Cardinal Health,1,,,
Ulnar Nerve Protector,Cardinal Health,1,,,
Suction Catheters,Cardinal Health,5,,,
P1 Surgical Gloves,Cardinal Health,7,,,
P1 Surgical Gloves,Cardinal Health,6,,,
Adult Briefs,Cardinal Health,12,,,
Surgical Gloves,Cardinal Health,1,,,
Surgical Gloves,Cardinal Health,42,,,
Specimen Cups ,Cardinal Health,5,,,
Chest Tube Insertion Pack,Cardinal Health,1,,,
Chest Tube Insertion Pack,Cardinal Health,2,,,
Neonatal electrodes ,Cardinal Health,27,,,
Chest Tube Insertion Pack,Cardinal Health,1,,,
Sunction Canister Lid,Cardinal Health,3,,,
Graduated Suction Catheter w/ Chimney Value,Cardinal Health,1,,,
Tape,Cardinal Health,1,,,
premium underpads,Cardinal Health,1,,,
Cysto pack ,Cardinal Health,1,,,
graduated suction catheter with chimney valve,Cardinal Health,1,,,
suction catheter with chimney valve ,Cardinal Health,6,,,
Suction Catheter Tubing Valve,Cardinal Health,9,,,
Impervious Surgical Gown ,Cardinal Health,1,,,
Lumbar Puncture,Cardinal Health,2,,,
Cysto Pack,Cardinal Health,7,,,
"Tray, skin prep, dry, forecep ",Cardinal Health,1,,,
Breathing circuit components,Carefusion,1,,,
Pediatrix Oxygen Masks,Carefusion,3,,,
Valve cap,Carefusion,6,,,
Enteral Funnel ENFit Transition connector with cap,Cedic Srl,1,,,
Funnel Connector w cap,Cedic Srl,1,,,
60mL Glass Bottle and Dropper,Centor,12,,,
SorbaView SHIELD Medium,Centurion,5,,,
Port,Centurion,1,,,
Magill Forceps,Centurion,20,,,
Driveline Management System 2,Centurion,2,,,
securement device,Centurion,1,,,
Hoversling repositioning sheet,CEpartner4U,3,,,
Ballon catheter,Chocolate,1,,,
adapters,Clave,30,,,
Drug Screen Cup,Clia,27,,,
CoaguChek XS PT Test,Coagucheck,1,,,
fixed pressure valve,Codman,1,,,
Catheter,Colopast,10,,,
catheter ,Colopast,2,,,
Silicone Foley catheter 2-way,Coloplast,1,,,
,Coloplast,1,,,
Catheter- straight tip pediatric,Coloplast,1,,,
Conveen,Coloplast,1,,,
Hydrocolloid dressing,Coloplast,2,,,
SpeediCath Compact Set,Coloplast,1,,,
Catheter tube,Coloplast ,20,,,
ECG electrode,ConMed,10,,,
EKG Electrodw,ConMed,1,,,
ECG Electrode,ConMed,1,,,
FASTRACE,ConMed,3,,,
ECG tab style electrode,ConMed,1,,,
soft race small RTL,ConMed,1,,,
Medium RTLs,ConMed,20,,,
Huggables ECG electrode,ConMed,1,,,
Air seal,ConMed,1,,,
Cannula cap,ConMed,1,,,
Reflex Skin Stapler ,ConMed,114,,,
Reflex Skin Stapler ,ConMed,120,,,
Reflex Skin Stapler ,ConMed,120,,,
Reflex Skin Stapler,ConMed,120,,,
Yankaur Suction,ConMed,3,,,
Fastrace ,ConMed,7,,,
ECG Electrode,ConMed,4,,,
Suction instrument ,ConMed,1,,,
Suction Instrument,ConMed,4,,,
Reflex Skin Stapler,ConMed,120,,,
Suction instrument yankauer,ConMed,1,,,
Adult General Purpose Foam,CONMED,2,,,
Homeostatic Dressing,ControlPlus,1,,,
DuoDerm Extra Thin spots,Convatec,1,,,
Protective powder,Convatec,1,,,
Urine collection bag,Conveen,2,,,
Urine Collection Bag,Conveen,1,,,
Urine collection pouch,Conveen,1,,,
Deep Convex urostomy pouch,Convex,1,,,
Chiba biopsy needle,Cook Med,3,,,
Coil expander,Cook Med,1,,,
Lead clippers,Cook Med,1,,,
Dilator ,Cook Med,1,,,
Micropuncture Introducer set,Cook Med,1,,,
Flexor check flo,Cook Med,1,,,
Side-Arm Introducer,Cook Med,1,,,
vascular retrieval forceps,Cook Med,1,,,
Ureternal stent set ,Cook Med,1,,,
Biopsy Needle Set,Cook Med,1,,,
Ebelization Coil,Cook Med,2,,,
Biopsy Needle Set,Cook Med,1,,,
Female Foley Adaptor,Cook Med,8,,,
Central venous tray- triple lumen polyurethane catheter,Cook Med,1,,,
wayne pneumothorax tray,Cook Med,1,,,
Micropuncture Inteoducer Set,Cook Med,3,,,
Cook Chest Drainage Valve,Cook Med,2,,,
Ansel modification ,Cook Med,1,,,
WORD Bartholin Gland Catheter,Cooper Surgical,2,,,
"Medscand Sample Collection Kit (25 Pap Perfect, 25 Cytobrush Plus)",Cooper Surgical,6,,,
FloQSwabs,Copan,22,,,
Specimen collection bag ,Covance,8,,,
Specimen collection bags,Covance,100,,,
Sample collection bags,Covance,10,,,
oral/nasal tracheal tube cuffed,Covidien,1,,,
Universal articulating loading unit ,Covidien,1,,,
Suction Tubing,Covidien,1,,,
kangaroo enfit transition connector ,Covidien,2,,,
Gauze ,Covidien,13,,,
Flexible Yankauer,Covidien,1,,,
Gravity Feeding Tube,Covidien,1,,,
Adult Cordless Patient Return Electrode ,Covidien,1,,,
adult regional saturation sensor,Covidien,1,,,
Stomach Tube,Covidien,14,,,
Flexible Yankauer,Covidien,1,,,
Salem sump,Covidien,1,,,
Oral/Nasal Tracheal Tube,Covidien,2,,,
Epump set with flush bag,Covidien,1,,,
Hydrophilic foam dressing,Covidien,1,,,
Inner Cannula,Covidien,4,,,
tracheostomy tube ,Covidien,1,,,
Oral/Nasal Trachael Tube Cuffless,Covidien,14,,,
Inner Cannula,Covidien,1,,,
Disposable inner cannula ,Covidien,14,,,
suction catheter,Covidien,1,,,
Syringe Caps,Covidien,1,,,
Kangaroo,Covidien,17,,,
Tracheostomy Tube Cuddles with Inner Cannula,Covidien,1,,,
Tracheostomy Tube Cuffless with Inner Cannula,Covidien,5,,,
Oral/Nasal Tracheal Tube Cuffles,Covidien,4,,,
Dual Lumen Stomach Tube,Covidien,1,,,
Microlaryngeal oral/nasal tracheal tube cuffed,Covidien,1,,,
Dual Lumen Stomach Tube ,Covidien,1,,,
Extension Tube,Covidien,2,,,
Clamp ,Covidien,4,,,
Xero form Occlusive Gauze Strip,Covidien,1,,,
Gauze Sponges,Covidien,1,,,
Band Aid,Covidien,1,,,
Kendall cloth tape,Covidien,5,,,
Foam pad,Covidien,5,,,
Vaseline,Covidien,10,,,
Alcohol prep wipes,Covidien,2,,,
Oral/Nasal Tracheal Tube Cuffless,Covidien,2,,,
Set rallonge ,Covidien,12,,,
Gravity Feeding Bag,Covidien,1,,,
cannula,Covidien,12,,,
safety needle,Covidien,1,,,
Oral/Nasal tracheal tube,Covidien,1,,,
Syringe,Covidien,1,,,
Inner Cannula,Covidien,5,,,
Dressing,Covidien,1,,,
Beta Cap Clamp,Covidien,5,,,
Infant REM Polyhesive,Covidien,3,,,
Laser Oral Tracheal Tube,Covidien,1,,,
Nonadherent strips,Covidien,5,,,
Oral/Nasal Tracheal Tube,Covidien,1,,,
Needleless Med Prep Cannula,Covidien,8,,,
Graduated Suction Catheter with Chimney Valve,Covidien,1,,,
Abdominal pad,Covidien,17,,,
Nasal Tracheal Tube,Covidien,3,,,
REM Polyhesive,Covidien,3,,,
Dual lumen stomach lube,Covidien,2,,,
Tracheal Tube with TaperGuard Cuff,Covidien,4,,,
Oral/Nasal Tracheal Tube,Covidien,5,,,
Safety Needle,Covidien,2,,,
Inner Cannula Disposable,Covidien,1,,,
Disposable inner cannula,Covidien,4,,,
Transition Connector,Covidien,1,,,
Tracheostomy Tube,Covidien,1,,,
milk straw with ENfit connection (5”),Covidien,1,,,
Adult flexible tracheostomy tube,Covidien,1,,,
Milk straw with enfit connection,Covidien,1,,,
Y-Site extension with enfit connection ,Covidien,1,,,
Hi-Lo Oral/nasal tracheal tube cuffed,Covidien,1,,,
Dual lumen stomach tube,Covidien,1,,,
Holter/telemetry pouch,Covidien,5,,,
Decannulation Plug,Covidien,1,,,
Laryngectomy Tube,Covidien,3,,,
Tracheostomy Tube XLT Cuffed,Covidien,3,,,
Lube packet,Covidien,5,,,
Blood pressure cuff,Critikon ,1,,,
Large Adult Blood Pressure Cuff,Critikon ,4,,,
Adult blood pressure cuff ,Critikon ,17,,,
Dura-cuf ,Critikon ,1,,,
Wall manometer adapter ,Critikon ,2,,,
Child Bp cuff,Critikon ,16,,,
Pressure Cuff (small adult),Critikon ,1,,,
Petrolatum dressing,Curad,3,,,
Oil Emulsion Dressing,Curad ,6,,,
Bandaid,Curad ,2,,,
petrolatum dressing,Curad ,2,,,
Dressing,Curad ,1,,,
Petrolatum dressing ,Curad ,1,,,
Petroleum dressing ,Curad ,3,,,
Tape,Curad ,1,,,
electrical wire ,Curbell,183,,,
all purpose sponge ,Curity,1,,,
PD Biomarker Plasma Kit,Cyteir Therapeutics ,1,,,
Bone Marrow Mononuclear Cell Kit,Cyteir Therapeutics ,3,,,
Cytology Brush,Cytosoft,200,,,
Cytology Brush,Cytosoft,800,,,
SureForm 60 reload,da Vinci Xi,36,,,
SureForm 45 reload ,da Vinci Xi,6,,,
Tracheostomy Tube Holders,Dale,10,,,
hold-n-place leg band ,Dale,1,,,
Abdominal Binder,Dale,1,,,
Abdominal Binder,Dale,1,,,
abdominal binder,Dale,1,,,
Catheter Leg Band ,Dale,1,,,
zipper bag,Damaisely ,40,,,
Plastic cup lids ,Dart,1000,,,
Lids ,Dart,1000,,,
,Dart,1000,,,
Styrofoam cups,Dart,1000,,,
Cup lids with straw slot,Dart,1000,,,
Cup lids ,Dart ,1000,,,
Cups ,Dart ,1000,,,
Cup lids ,Dart ,1000,,,
Cup lids ,Dart ,1000,,,
Cup lids ,Dart ,1000,,,
Cup lids ,Dart ,1000,,,
Cups ,Dart ,1000,,,
Cups ,Dart ,1000,,,
Fluoride Toothpaste,DawnMist,10,,,
Esophageal Stethescope,DeRoyal,1,,,
Side shields for prescription glasses,DeRoyal,10,,,
Muslin Gauze Towel,DeRoyal,1,,,
Mesh Gauze,DeRoyal,8,,,
Nasopharyngeal temp probe,DeRoyal,1,,,
Face goggles,DeRoyal,1,,,
Tape Measure,DeRoyal,2,,,
Tape Measure,DeRoyal,1,,,
nasopharyngeal temperature probe,DeRoyal,1,,,
Temp probes,DeRoyal,1,,,
DGP Pathoseal 95 (plastic pipets) ,DGP Intelsius Ltd.,200,,,
95 kPa Specimen Transport Bag,Dist. Tennant Packaging Corporation ,4,,,
Wipes,Diversey,160,,,
Arm sling,DJO,1,,,
Secure all limb holder,DJO,1,,,
DNA Kits,DNA Genotek,5,,,
DNA Collection Kit,DNA Genotek,5,,,
dove bar soap ,Dove,4,,,
Closed Urethral Tray w/ Vinyl Catheter,Dover,1,,,
Bare Hypodermic syringe 1 mL,DPS,300,,,
Bare hypodermic syringe ,DPS,1,,,
silicone nipple w bottle collar ,Dr. Brown’s Medical,11,,,
Silicone Nipples,Dr. Brown’s Medical,16,,,
Hypodermic Safety Needle,DropSafe,75,,,
Povidone Iodine Antiseptic Swabsticks,Dukal,13,,,
Povidone Iodine Antiseptic Swabsticks,Dukal,64,,,
Dressing ,Dukal,8,,,
Insolation Gown,Dukal,10,,,
Safety Needle,Duopress,200,,,
face mask,Dymex,200,,,
face masks,Dymex,2,,,
Dyna Lube Sterile,Dynarex,720,,,
Wound pouches ,Eakin,1,,,
Blood Collection Needle,Eclipse,71,,,
Blood Collection needles,Eclipse,60,,,
Microbore Administration Set,Eitan Medical,9,,,
Microbore Infusion Set,Eitan Medical,30,,,
Microbore Administration Set,Eitan Medical ,19,,,
Microbore infusion set with vented/non vented spike,Eitan Medical ,1,,,
Dilatation Catheter ,Emerge,3,,,
210mL bottle,Enfamil,1,,,
feeding syringes with purple caps,ENFit,144,,,
Female Luer/Oral-to-female D,ENFit,1,,,
Vascular Closure Device,Essential Medical (Manta),5,,,
Suture needle,Ethicon,1,,,
Needles ,Ethicon,8,,,
Dermabond topical skin adhesive ,Ethicon,1,,,
Surgicel fibrillar,Ethicon,1,,,
Coated Vicryl,Ethicon,48,,,
Suture Kits,Ethicon,7,,,
Suture,Ethicon,25,,,
Protective disk with CHG,Ethicon,1,,,
Protective Disk with CHG,Ethicon,10,,,
suture string ,Ethicon,12,,,
Absorbable Hemostat,Ethicon,1,,,
suture kits,Ethicon,1,,,
green braided non absorbable surure,Ethicon,20,,,
bio patch ,Ethicon,1,,,
Vistaseal Laparoscopic Dual Applicator,Ethicon,6,,,
Nylon suture,Ethilon,12,,,
Catheter/drip,Eurofins,13,,,
2mL test tubes,Eurofins,39,,,
Test tubes,Eurofins,25,,,
Balloon system,Ev3,1,,,
Snare kit ,Ev3,1,,,
Packing Gauze ,Fabco,1,,,
Dental Rolls,Fabco,8,,,
Test Tubes,Falcon,11,,,
large clinical pak ,FedEx,5,,,
Liquid Adhesive ,Ferndale Laboratories,4,,,
mosquito for pets 5’’,Fine Surgical Instruments,1,,,
Hemodialysis fistula needle set,Fingershield,250,,,
Slide Box,Fisher Scientific,10,,,
serological pipette,Fisher Scientific,15,,,
Slide box ,Fisher Scientific,1,,,
Swabs,FLOQSwabs,1,,,
Swabs,FLOQSwabs,27,,,
Swabs,FLOQSwabs,4,,,
Swabs,FLOQSwabs,2,,,
Biliary Balloon Probe,Fogarty,2,,,
Coloplast,Folysil ,1,,,
luer lock adapter 4 inch,Fresenius Medical Care,1,,,
Cord,GE HealthCare,1,,,
Microsuture,GEM,8,,,
Medium Nitrile Examination Gloves,Gen-X,100,,,
Testing kit ,Genmab ,5,,,
Plastic thing with hole in it,Genmab ,35,,,
Patient gown,Gentherm,1,,,
infant underbody,Gentherm,1,,,
Pediatric underbody ,Gentherm,6,,,
247 Pediatric Underbody ,Gentherm,9,,,
Rice Baby Food,Gerber,1,,,
dna diagnostic ,GF Health Products,4,,,
GLV 1 Stat,GlideScope,8,,,
Bronchoscope,GlideScope,1,,,
GVL 2 Stat,GlideScope,10,,,
GVL 2 Stat,GlideScope,3,,,
GVL 1 Stat,GlideScope,12,,,
GLIDESCOPE,GlideScope,4,,,
Catheter Exchange Long Taper,GLIDEWIRE,5,,,
Microscope Slide,GLOBE,9,,,
Eye Test Chart,Good-Lite,2,,,
staple line reinforcement ,Gore,2,,,
Monofilament,Gore,1,,,
Silver nitrate applicators ,Grafco ,100,,,
Needles,Greiner Bio-One,12,,,
Safety Blood Collection Set + Luer Adapter 23G,Greiner Bio-One,150,,,
Safety Tube Holder,Greiner Bio-One,1,,,
Safety Blood Collection Set + Luer Adapter,Greiner Bio-One,150,,,
Spinal needle,Hakko,1,,,
Spinal Needle,Hakko ,1,,,
Closed Line Adaptor,Halo,10,,,
B-Lock Closed Line Adaptor,Halo,28,,,
Endotracheal Tube,Halyard,2,,,
patient slippers,Halyard,2,,,
Patient slippers,Halyard,2,,,
Fog free surgical mask,Halyard,25,,,
Surgical Caps,Halyard,100,,,
Surgical cap,Halyard,100,,,
Patient slippers,Halyard,9,,,
Child’s face mask ,Halyard,75,,,
Powder free exam gloves,Halyard,15,,,
Curved blade with torque wrench ,Harmonic Synergy,1,,,
Bandage,Hartmann,1,,,
Spinal needle ,Havels,1,,,
Security bag,Health Care Logistics Inc,11,,,
Detergent,Henkel Corporation,3,,,
Compressor Nebulizer,Henry Schein,1,,,
Criterion Examination Gloves,Henry Schein,800,,,
FOB Enhanced Readability Test Kit,Henry Schein,1,,,
Flexible Fabric Strips,Henry Schein,200,,,
Cloth Surgical Tape,Henry Schein,120,,,
Earloop Procedure Masks,Henry Schein,150,,,
Paper Surgical Tape,Henry Schein,60,,,
All Gauze Sponges,Henry Schein,600,,,
Suture Removal Kit with PVP,Henry Schein,1,,,
Laceration Tray,Henry Schein,4,,,
Small Nitrile Examination Gloves,Henry Schein,100,,,
Safety Needle,Henry Schein,100,,,
Cotton Tipped Applicators ,Henry Schein,5,,,
All-Gauze Sponges,Henry Schein,150,,,
Cloth surgical tape ,Henry schein,5,,,
Cotton Tipper Applicators,Henry Schein,2000,,,
Cotton Tipped Applicators,Henry Schein,200,,,
Sheer Strip Bandaids,Henry Schein ,200,,,
Procedure Masks,Henry Schein ,50,,,
Gauze Pads,Henry Schein ,200,,,
Medium Nitrile Examination Gloves,Henry Schein ,700,,,
Paper Measuring Tape,Henry Schein ,4000,,,
Disposable ear curette ,Henry Schein ,2,,,
sharps disposal with some alcohol wipes inside ,Henry Schein ,1,,,
thermometer probe covers,Hillrom,1,,,
wall holder assembly ,Hillrom,1,,,
Urostomy bag,Hollister,2,,,
drainable irrigator sleeve,Hollister,1,,,
Hollister 40mm,Hollister,1,,,
Colostomy Bag,Hollister,20,,,
VaPro Plus Pocket,Hollister,1,,,
Urine Specimen Collector,Hollister,2,,,
Wound Drainage Catheter with Barrier,Hollister,8,,,
Suction Pad,Hollister,1,,,
Urostomy pouch,Hollister,7,,,
ostomy barrier ring pack of 10 ,Hollister,2,,,
Hydrocolloid Dressing,Hollister,5,,,
Lubricating Jelly,HR Pharmaceuticals,1,,,
Nasal Cannula,Hudson RCI,1,,,
nebulizer,Hudson RCI,20,,,
Intubating Stylet,Hudson RCI,1,,,
Pediatric Medium Concentration Oxygen Mask,Hudson RCI,18,,,
Respiration Kit,Hudson RCI,1,,,
Pediatric Oxygen Mask,Hudson RCI,23,,,
Nebulizer (w/ Pediatric Elongated Nebulizer Mask),Hudson RCI,21,,,
Up-draft II Opti-never Nebulizer,Hudson RCI,92,,,
Aerosol Face Tent,Hudson RCI,1,,,
Baby diapers,Huggies,28,,,
diapers ,Huggies,60,,,
Orange Tape ,HyTape,6,,,
Disposable transducer with rotating adaptor,ICP transpac ,1,,,
Non-pyrogenic Fluid path,ICU Medical,13,,,
Smallbore ext set,ICU Medical,1,,,
TURY Set,ICU Medical,1,,,
Tubing Arterial Pressure,ICU Medical,1,,,
Arterial Pressure tubing,ICU Medical,2,,,
shielded blood cannula,ICU Medical,1,,,
Arterial Pressure Tubing ,ICU Medical,10,,,
CathLab Kit,ICU Medical,5,,,
IV monitoring kit,ICU Medical,1,,,
Smallbore ext. set clamp rotating luter,ICU Medical,1,,,
6 Inch Monitoring Extension Set ,ICU Medical,1,,,
monitoring extension set ,ICU Medical,1,,,
6 inch monitoring extension ,ICU Medical,1,,,
72” arterial pressure tubing,ICU Medical,3,,,
Catheter,ICU Medical,1,,,
"Smallbore Ext Set, Clamp, Rotating Luer",ICU Medical,3,,,
IV monitoring kit neonatal,ICU Medical,1,,,
6 in monitoring extension set,ICU Medical,1,,,
Blood Sampling Tube Holder with Blunt Cannula,ICU Medical,58,,,
Disposable Transducer,ICU Medical,1,,,
15 inch Extension Set,ICU Medical,1,,,
rotating luer,ICU Medical,11,,,
Arterial pressure tubing,ICU Medical,2,,,
,ICU Medical,5,,,
Blood Sampling Tube ,ICU Medical,1,,,
Blood Sampling Tube Holder,ICU Medical,1,,,
Mailing Envelope Kit,Immunostics,1,,,
Laryngectomy tube,InHealth Technologies,1,,,
Stomasoft laryngectomy tube,InHealth Technologies,1,,,
External CSF drainage system replacement bags,Integra,1,,,
lumbar catheter closed tip,Integra,1,,,
Oxygen Tube with 2 super soft connectors,Intersurgical ,2,,,
Oxygen Tubing,Intersurgical ,1,,,
Tip Cover Accessory,Intuitive Surgical,1,,,
Silicone Sheeting,Invotec,2,,,
Quick core biopsy needle set,IZI Medical,1,,,
Disposable swabs,Jiangsu Changfeng ,1,,,
Facioplasty elastic support,Jobst,2,,,
Grandfoam Silver Dressing,KCI,1,,,
Whitefoam Dressing,KCI,1,,,
Dressing,KCI,4,,,
1000 mL Canister for InfoV.A.C therapy systems,KCI,1,,,
vac granufoam dressing ,KCI,5,,,
V.A.C Granuform Dressing,KCI,1,,,
canister for infovac ,KCI,1,,,
1000ml canister for InfoVAC and VACULTA,KCI,1,,,
gold M logo arm sling XL ,Kenad SG,1,,,
Hydrophilic foam dressing,Kendall,4,,,
Ventilator circuit,King Systems,9,,,
Pediatric Breathing Citcuit,King Systems,9,,,
Adult diapers,King Systems,50,,,
Sampling line,King Systems,1,,,
needles,KORU,35,,,
Cement Delivery System and Cartridged,Kyphon,1,,,
Mixer ,Kyphon ,1,,,
kit c: tpst pk collection ,LabConnect,5,,,
supply kit with pipette and specimen tube ,LabConnect,35,,,
kit d l: tpst pk collection,LabConnect,6,,,
Specimen Collection Bag,Labcorp,1,,,
Blood test kit ,Labcorp ,2,,,
Single use scalpel,Lance,1,,,
Lawei 200 pack,Lawei,200,,,
U-Bag urine collectors,Mabis,5,,,
BioGlo ,Madhu instruments,100,,,
Bottle Atomizer,MADomizer,1,,,
Hypodermic Safety Needle,Magellan,7,,,
Depth Locator,Manta,5,,,
Bra (36B US) - front opening - breast feeding,Mara SB FC,1,,,
Pediatric pulseox,Masimo,1,,,
pulse oximeter adhesive sensor,Masimo,1,,,
adult pulse oximeter adhesive sensor,Masimo,2,,,
Pulse oximeter adhesive sensor,Masimo,1,,,
Pulse oximeter adhesive sensor ,Masimo,1,,,
Neonatal pulse oximeter,Masimo,1,,,
alcohol prep pads,McKesson,2,,,
Alcohol Prep Pads,McKesson,800,,,
Alcohol Pads,McKesson,129,,,
Graduated Nurser,Mead Johnson,2,,,
Graduated nurser with cap,Mead Johnson ,2,,,
Phone ,Med-Pat,1,,,
35mL breast milk collection and storage containers,Medela,1,,,
Quick clean micro-steam bag,Medela,10,,,
Breast pump kit,Medela ,1,,,
4-way stopcock,Medex,1,,,
,Medex,22,,,
iv lock,Medex,20,,,
4 way - Stopcock,Medex,15,,,
M/F luer lock plug,Medex,10,,,
Blunt Cannula ,Medex,2,,,
Mini Duckbill Ck Valve,Medex,1,,,
dressing change kit,Medical Action industries,1,,,
O.R. Towel,Medical Action industries,1,,,
Suture removal kit,Medical Action Industries,1,,,
Gloves (XL),MediChoice,650,,,
Gloves (S),MediChoice,130,,,
cohesive bandages,MediChoice,1,,,
Surgical Gloves (L),MediChoice,150,,,
Respiratory Bags,MediChoice,30,,,
mucus specimen trap,MediChoice,2,,,
Cleaning enema bag ,MediChoice,3,,,
Guedel airway,MediChoice,3,,,
Guedel airway,MediChoice,2,,,
Procedure Mask,MediChoice,50,,,
Exam Gloves,MediChoice,150,,,
Suction tubing,MediChoice,1,,,
Neon glasses case,MediChoice,1,,,
Mouth airway ,MediChoice,1,,,
Mucus specimen trap,MediChoice,3,,,
Berman Airway,MediChoice,4,,,
Berman Airway,MediChoice,1,,,
Oral Swabette ,MediChoice,12,,,
Infant Heel Warmer,MediChoice,25,,,
Suction catheter,MediChoice,1,,,
Protective Underwear,MediChoice,16,,,
Protective Underwear/Diapers,MediChoice,20,,,
Cotton Tipped Applicators,MediChoice,1000,,,
Cotton tipped applicators - non sterile,MediChoice,300,,,
Staple Removal Kit,MediChoice,11,,,
Cohesive bandages ,MediChoice,24,,,
Field Towel/drape,MediChoice,50,,,
Skin stapler + gauze sponge,MediChoice,7,,,
impervious stockinette ,MediChoice,1,,,
Guedel airway,MediChoice,1,,,
Iv start kit,MediChoice,1,,,
pupil gauge ,MediChoice,1,,,
Guedel Airway,MediChoice,1,,,
Exam gloves - medium,MediChoice,150,,,
Safety Lancets,Medicore ,200,,,
Compression Stocking,Mediven ,1,,,
Surgical gloves,Medline,2,,,
2XL Exam Gloves,Medline,160,,,
CVC Dressing Kit,Medline,1,,,
Surgical gloves,Medline,35,,,
Providone-Iodine Swabsticks,Medline,10,,,
Elastic net,Medline,2,,,
2XL Exam Gloves,Medline,80,,,
cvc dressing kit,Medline,1,,,
CVC Dressing Kit,Medline,1,,,
Foam Dressing,Medline,10,,,
Tongue Depressor,Medline,5,,,
Surgical Skin Marker,Medline,1,,,
Surgical Gloves,Medline,1,,,
Dry Tray,Medline,1,,,
CVC Dressing Kit,Medline,1,,,
Woven gauze sponges,Medline,1,,,
Woven gauze sponges,Medline,1,,,
Surgical glove boxes L ,Medline,10,,,
Gauze Sponges ,Medline,1,,,
Nitrile gloves ,Medline,18,,,
Tonsil Sponge,Medline,18,,,
Alcohol wipes,Medline,200,,,
Anesthesia Mask,Medline,1,,,
Alcohol prep pads,Medline,1,,,
Urethral Catheter,Medline,1,,,
Pre-Connected Urethral catherization tray and bag,Medline,1,,,
Abdominal Pad,Medline,1,,,
Laceration Tray w/ Lidded TR,Medline,14,,,
Anesthesia Mask,Medline,1,,,
Non-conductive connecting tube 20’ length,Medline,2,,,
Elastic Net,Medline,2,,,
Gauze Sponges,Medline,9,,,
Optifoam basic,Medline,9,,,
gloves,Medline,1,,,
Control syringe,Medline,1,,,
Medical bandages,Medline,4,,,
Elastic Net,Medline,1,,,
Gauze bandage,Medline,1,,,
Conforming stretch gaze bandage,Medline,1,,,
X-RAY detectable gauze sponges,Medline,100,,,
Sterile Disposable Safety Scalpel,Medline,100,,,
Alcohol Prep Pad,Medline,4,,,
Soap Dish,Medline,1,,,
Minor Dry Skin Prep Tray,Medline,1,,,
Guaze Sponges,Medline,10,,,
Minor Dry Skin Prep Tray,Medline,1,,,
emesis bags,Medline,50,,,
Temperature Sensing,Medline,1,,,
USG piv kit,Medline,17,,,
Non woven drain sponges,Medline,64,,,
Skin Protectsnt,Medline,1,,,
Drain Sponges,Medline,8,,,
Sponges,Medline,150,,,
Gauze,Medline,10,,,
Ring Cushion,Medline,1,,,
Gauze bandage,Medline,1,,,
Dissector sponges,Medline,5,,,
Transparent Film w/ Pad,Medline,2,,,
Cotton Tipped Applicators,Medline,22,,,
Stretch Vinyl Exam Gloves,Medline,900,,,
Anti-skid instrument mat,Medline,67,,,
Urine Meter tray,Medline,10,,,
Exam gloves  ,Medline,150,,,
X-ray detectable gauze sponges ,Medline,80,,,
Gloves,Medline,50,,,
Surgical Gloves,Medline,7,,,
X-Ray Detectable Guaze sponges,Medline,17,,,
Abdominal Pad,Medline,1,,,
poly-lined fenestrated drape,Medline,6,,,
Gauze bandages ,Medline,4,,,
Padding,Medline,5,,,
Exam gloves,Medline,1,,,
comfort touch frame head rest,Medline,1,,,
transparent film dressing ,Medline,32,,,
gauze pads ,Medline,200,,,
Abdominal Pad,Medline,20,,,
Catheters,Medline,2,,,
Invisishield,Medline,3,,,
cvc dressing kit ,Medline,1,,,
Low pressure stopcock with rotating male collar ,Medline,1,,,
oral gel,Medline,19,,,
Gauze Badage,Medline,1,,,
urethral catheter ,Medline,2,,,
Transparent Film Dressing,Medline,10,,,
Woven gauze sponges,Medline,1,,,
gauze sponges,Medline,12,,,
transparent film  w pad ,Medline,6,,,
woven gauze sponges,Medline,200,,,
Pressure infuser,Medline,1,,,
CVC dressing kit,Medline,3,,,
Woven gauze sponge,Medline,10,,,
Patient Slippers,Medline,15,,,
Catheter stabilization device,Medline,2,,,
Foley Stabilization,Medline,1,,,
Cleanser ,Medline,5,,,
Standard Surgical O.R. Towels ,Medline,1,,,
Intubating Stylet,Medline,2,,,
Intubating stylet ,Medline,2,,,
Intubating Stylet/ADULT,Medline,1,,,
Elastic Bandage,Medline,1,,,
radiotranslucent electrode,Medline,1,,,
Infant Defibrillator Electrodes,Medline,1,,,
gel pack,Medpace ,8,,3M,325
Specimen collection kit A ,Medpace ,9,,,
Anti-Siphon Valve,Medstream,2,,,
Catheter valve,Medtronic,1,,,
DLP Perfusion Adapter,Medtronic,18,,,
Guiding catheter,Medtronic,1,,,
Stylet kit,Medtronic,1,,,
Adhesive Pad,Medtronic,15,,,
Nerve Locator,Medtronic,1,,,
Otologic Lamina,Medtronic,1,,,
Radial access catheter ,Medtronic,2,,,
Catheter Access Port Kit,Medtronic,3,,,
Single Stage Benous Cannula,Medtronic,2,,,
Tubing connector ,Medtronic,1,,,
Sinus-pak drawstring ,Medtronic,2,,,
,Mentor,3,,,
Border Heel,Mepilex,10,,,
Border Post-up,Mepilex,2,,,
StatCO2 Detector,Mercury Medical,3,,,
Child CPR-2 Bag,Mercury Medical,1,,,
MF-Milipore MCE Membrane,Merek Milipore,10,,,
Angiographic catheter,Merit Medical,1,,,
Angiographic catheter,Merit Medical,1,,,
Tubing ,Merit Medical,4,,,
Contrast delivery set,Merit Medical,1,,,
Stopper,Merit Medical,1,,,
fliplock needles,MHC Medical Products,50,,,
Flip lock needles,MHC Medical Products ,2,,,
Brace band ,Michigan Medicine,2,,,
Lavender Inhaler,Michigan Medicine,1,,,
ISO Drape Isolation Bag,Microtek Medical,1,,,
blood collection needles ,Micsafe,75,,,
safety blood collection needle,Micsafe,2,,,
extension set,MiniONE,1,,,
Surgical gloves ,Molnlycke,2,,,
Polychloroprene Surgical Gloves,Molnlycke,1,,,
Surgical Gloves,Molnlycke,34,,,
Surgical Gloves,Molnlycke,48,,,
Biogel PI Micro,Molnlycke,1,,,
Biogel Sensor,Molnlycke,1,,,
Foam Dressing,Molnlycke,8,,,
Surgical Indicator Underglove (size 7),Molnlycke,23,,,
Surgical Gloves (Biogel Pl),Molnlycke,155,,,
Biogel Sensor,Molnlycke,2,,,
Biogel Sensor,Molnlycke,3,,,
Latex surgical  gloves (size 7),Molnlycke,9,,,
Polyisoprene surgical gloves ,Molnlycke,6,,,
Polyisoprene surgical gloves (size 6),Molnlycke,1,,,
Polyisoprene surgical gloves ,Molnlycke,1,,,
6 1/2 surgical gloves,Molnlycke,2,,,
Border Heel,Molnlycke,3,,,
Border sacrum ,Molnlycke,1,,,
Mepilex lite,Molnlycke,2,,,
Surgical gloves,Molnlycke,20,,,
Surgical gloves ,Molnlycke,2,,,
Biogel Indicator Underglove,Molnlycke,47,,,
Surgical gloves ,Molnlycke,1,,,
Surgical gloves,Molnlycke,1,,,
7 1/2 surgical gloves,Molnlycke,2,,,
Surgical Gloves,Molnlycke,7,,,
Glove,Molnlycke,1,,,
peak flow meter,Monaghan,1,,,
Needle Caps ,Monoject,23,,,
Conditioning Garment,MXP fitnessgear,2,,,
Specimen containers,Nalge nunc International corporation ,3,,,
Low pressure stopcock with rotating male collar,Namic,1,,,
tuohy needle,Natus,1,,,
Oral/enteral feed/med,NeoMed,8,,,
50 ml Syringe for Enteral feedings,NeoMed,30,,,
Ahmed Glaucoma Valve,New World Medical,1,,,
Surgical Gloves (large),Nimo PPE,100,,,
disposable syringe,Nipro,8,,,
Disposable Syringes (10ml),Nipro,500,,,
Diapers ,Unknown,2,,,
Tubes,Unknown,1,,,
Tuning fork,Unknown,3,,,
Reflex hammer,Unknown,1,,,
Big syringe ,Unknown,10,,,
Face Shields,Unknown,2,,,
spray bottle caps,Unknown,3,,,
General Purpose Probe Cover,Unknown,2,,,
Pads,Unknown,2,,,
Spray bottle cap,Unknown,1,,,
PPE apron,Unknown,1,,,
Bedpan,Unknown,1,,,
Black braided suture ,Unknown,1,,,
Nylon,Unknown,6,,,
High Speed RAD 55 curved bur dental,Unknown,2,,,
EKG Electrodes,Unknown,3,,,
T-tube silicone,Unknown,1,,,
Tegaderm,Unknown,1,,,
Anesthesia bags,Unknown,4,,,
Equipment cover ,Unknown,13,,,
Sterilization tool,Unknown,2,,,
Catheter (fluid path),Unknown,25,,,
Sterile pipers ,Unknown,100,,,
Urine sample jars,Unknown,12,,,
Specimen bag ,Unknown,50,,,
UPEP,Unknown,4,,,
Funnel,Unknown,5,,,
Orange boxes?,Unknown,8,,,
bandaids,Unknown,5,,,
Sticker tags,Unknown,1,,,
Containers ,Unknown,10,,,
Test Tubes,Unknown,500,,,
Blue tourniquet bands,Unknown,2,,,
10,Unknown,10,,,
Tumor Tissue Box,Unknown,3,,,
Plastic test tube,Unknown,200,,,
White Small Test Tube,Unknown,150,,,
black small test tubes,Unknown,150,,,
Needle Kits,Unknown,50,,,
Urine 24hr protein,Unknown,37,,,
test tubes,Unknown,100,,,
Pipettes,Unknown,250,,,
Blue Small Test Tube,Unknown,4,,,
Big cylinder syringe cap,Unknown,50,,,
Green Test Tube,Unknown,1,,,
hematology,Unknown,15,,,
Orange Test Tube,Unknown,4,,,
Brown Test Tube,Unknown,4,,,
Subassembly G,Unknown,4,,,
Wires ,Unknown,2,,,
Little plastic bottle with lid ,Unknown,10,,,
Diagnostic tubes (in bags with random things),Unknown,11,,,
Plastic pipets ,Unknown,140,,,
Stickers,Unknown,3,,,
Specimen transport bags,Unknown,39,,,
SubassemblyG ,Unknown,23,,,
Clear pouches,Unknown,6,,,
Blood Collection Kit,Unknown,16,,,
Clear pouches,Unknown,2,,,
"Random fallen items, needles samples, tubes ",Unknown,300,,,
Accessory Drain Bag,Unknown,1,,,
luer lock connector,Unknown,11,,,
Assorted test tube+ supplies,Unknown,500,,,
Plating Kits,Unknown,50,,,
Stapler cannula seal,Unknown,7,,,
Random bags ,Unknown,15,,,
Random bags (tubes needles …),Unknown,15,,,
Sticky name tags,Unknown,3,,,
Pipettes,Unknown,50,,,
N95,Unknown,20,,,
Anesthia face mask,Unknown,3,,,
Balloon Bags  ,Unknown,4,,,
Tegaderm,Unknown,1,,,
Gauze,Unknown,2,,,
Urine test instructions ,Unknown,3,,,
Plastic Pad Large,Unknown,3,,,
Gauze,Unknown,50,,,
Cytology brush,Unknown,1,,,
Spider FX,Unknown,1,,,
Amplatzer ,Unknown,5,,,
Cardboard holders,Unknown,6,,,
Filter Funnel,Unknown,1,,,
Urine Collector,Unknown,18,,,
Blue and white tube,Unknown,1,,,
Sealable Foil Bags,Unknown,41,,,
Balloons,Unknown,9,,,
4 white tubes with blue mask attached ,Unknown,4,,,
Glidescope,Unknown,1,,,
Censitrac ,Unknown,1,,,
Plain white tubes,Unknown,6,,,
Percussor,Unknown,1,,,
Skinny small tubes,Unknown,8,,,
Mouthpiece,Unknown,2,,,
Test tubes ,Unknown,3,,,
Secure view port,Unknown,1,,,
Hair cover,Unknown,16,,,
Temperature log tag ,Unknown,1,,,
Waist bands ,Unknown,3,,,
Diapers ,Unknown,6,,,
Plain Slides,Unknown,10,,,
Blood collection ,Unknown,1,,,
Retail clothing lane ,Unknown,1,,,
Blue box,Unknown,1,,,
Feeding Tube,Unknown,2,,,
Pippetes ,Unknown,50,,,
Catheter,Unknown,1,,,
Bandages,Unknown,30,,,
Steri-Strip,Unknown,2,,,
Stax finger splint,Unknown,2,,,
Pad ,Unknown,1,,,
Orange tape,Unknown,1,,,
4-0 sutures ,Unknown,10,,,
Articulating loading unit,Unknown,4,,,
Face cover,Unknown,1,,,
Plastic containers,Unknown,1,,,
Plastic Bags,Unknown,2,,,
Wrap,Unknown,1,,,
Urine Sample Collectors,Unknown,15,,,
24 Hour Urine Containers,Unknown,5,,,
Face Shield,Unknown,2,,,
Face Shield,Unknown,1,,,
Surgical Drapes,Unknown,150,,,
Gauze ,Unknown,10,,,
Specimen Bag ,Unknown,200,,,
Syringes ,Unknown,4,,,
Stethoscope ,Unknown,1,,,
White cloth gauze,Unknown,2,,,
White cloth (surgical dressing?),Unknown,1,,,
Arm Sling,Unknown,2,,,
Syringe needles,Unknown,20,,,
Catheter tubing,Unknown,1,,,
Guaze,Unknown,100,,,
Specimen Bags,Unknown,400,,,
Residual leg limb sock for prosthetic ,Unknown,1,,,
Foam Swabs + Tray (3 foam swabs per tray),Unknown,7,,,
Cloth Arm sling (medium/large),Unknown,1,,,
Latex Bands,Unknown,2,,,
Memory foam pads / splints,Unknown,7,,,
Personal Belonging Bags,Unknown,3,,,
Toothbrush,Unknown,1,,,
Brace,Unknown,1,,,
,Unknown,2,,,
 Diapers,Unknown,9,,,
Gauze wrap,Unknown,7,,,
Tape,Unknown,5,,,
plastic cups ,Unknown,40,,,
test tube ,Unknown,10,,,
Gauze,Unknown,2,,,
exploratory plasma 1 test tube ,Unknown,7,,,
test tube medium,Unknown,9,,,
Tube,Unknown,1,,,
fluid solidified kit ,Unknown,5,,,
Bedpan ,Unknown,1,,,
disposable pipettes ,Unknown,20,,,
plastic pipettes,Unknown,350,,,
Cleaning wands,Unknown,5,,,
Urine sample cups,Unknown,10,,,
Serum collector (black circle cap),Unknown,450,,,
opaque yellow/clear 1.8ml tubes,Unknown,150,,,
small and large red capped collection tubes,Unknown,20,,,
larger PK sample collection tubes,Unknown,50,,,
orange capped vials ,Unknown,50,,,
red capped vial,Unknown,7,,,
Green ADA sampling tubes + 7plex second tubes,Unknown,20,,,
Syringes,Unknown,3,,,
orange tube,Unknown,1,,,
tegaderm film,Unknown,2,,,
Pipettes ,Unknown,300,,,
Assorted Viles,Unknown,400,,,
pipettes ,Unknown,4,,,
Vent Tubing,Unknown,15,,,
Inflatable Ambu Bags,Unknown,12,,,
Specimen Transport Bag,Unknown,100,,,
Pipette ,Unknown,150,,,
Plastic cups ,Unknown,15,,,
Vial,Unknown,50,,,
EKG Electrode sticker,Unknown,50,,,
Vial,Unknown,200,,,
purple syringes,Unknown,75,,,
Nasal cannula ,Unknown,1,,,
Syringes ,Unknown,70,,,
Urine Cup,Unknown,5,,,
specimen bags assorted sizes ,Unknown,21,,,
Sample Collection,Unknown,4,,,
Pipettes ,Unknown,350,,,
Intubation equipment,Unknown,1,,,
blood draw kits,Unknown,20,,,
IV tape,Unknown,2,,,
Syringes ,Unknown,30,,,
urine collection tubes ,Unknown,6,,,
Biohazard Bag,Unknown,100,,,
glass slides ,Unknown,7,,,
oxygen tubing,Unknown,1,,,
3 ml pipet,Unknown,33,,,
Vial,Unknown,100,,,
Loose cups,Unknown,15,,,
Medical Bandages,Unknown,7,,,
PVC nasopharyngeal airway,Unknown,1,,,
Flexor Check-Flo Introducer,Unknown,1,,,
Tear away gown,Unknown,10,,,
EKG Electrode,Unknown,8,,,
Plastic (boot shaped),Unknown,29,,,
Silk adhesive with holes,Unknown,5,,,
Blood Transfer Drive,Unknown,1,,,
medication transfer bag,Unknown,1,,,
Pipette ,Unknown,150,,,
Miscellaneous ,Unknown,70,,,
Jug,Unknown,7,,,
Jugs,Unknown,10,,,
Immunoglobulin tube brown ,Unknown,35,,,
50mL test tubes,Unknown,8,,,
bandaids,Unknown,12,,,
Small test tubes,Unknown,482,,,
Subassembly Bag G ,Unknown,45,,,
Serum D Pl(ctDNA) kit ,Unknown,30,,,
Transporte tape,Unknown,7,,,
Cups,Unknown,150,,,
Long thbe,Unknown,1,,,
Gown,Unknown,1,,,
Tubes ,Unknown,150,,,
Specimen Transport Bags,Unknown,7,,,
Red Cap Tubes,Unknown,25,,,
Centerfuge Tubes ,Unknown,7,,,
blue clips,Unknown,2,,,
"Blood Draw Kits, Orange Cap",Unknown,15,,,
Bio sample Bags,Unknown,4,,,
MISC Test Tubes ,Unknown,70,,,
Oxygen Mask ,Unknown,10,,,
Pippets,Unknown,17,,,
Urine Transfer Straw Kit ,Unknown,6,,,
Test Tubes ,Unknown,23,,,
Electrodes,Unknown,10,,,
Tubing,Unknown,40,,,
3M tape,Unknown,3,,,
Urine Collectors ,Unknown,3,,,
Spinal needle,Unknown,4,,,
Test tubes ,Unknown,600,,,
100 other test tubes ,Unknown,100,,,
Metal pieces,Unknown,8,,,
nebulizer,Unknown,1,,,
Assorted sutures,Unknown,10,,,
"Tubes, green and purple cap",Unknown,400,,,
Pressure guide wire,Unknown,3,,,
Dialysis Tube    ,Unknown,4,,,
Trays,Unknown,50,,,
Pipe Cleaner ,Unknown,60,,,
Endovascular Snare System,Unknown,1,,,
Pressure Tubing ,Unknown,1,,,
Teal Surgical Pad,Unknown,2,,,
30 mL Glass Bottle,Unknown,3,,,
Tube Caps,Unknown,50,,,
Roll of Gauze,Unknown,1,,,
Bandaging,Unknown,1,,,
washcloth,Unknown,5,,,
Time of Death Tag Packs,Unknown,17,,,
Compression Sleeve,Unknown,9,,,
Foam,Unknown,1,,,
Bras,Unknown,5,,,
Knee Brace,Unknown,3,,,
Arm Brace,Unknown,1,,,
Pillow,Unknown,1,,,
Soap Dishes,Unknown,25,,,
Chux ,Unknown,10,,,
various test tubes ,Unknown,24,,,
Cup lids,Unknown,100,,,
clear test tubes ,Unknown,10,,,
test tubes ,Unknown,10,,,
Pediatric Arm Splint,Unknown,2,,,
Sutures,Unknown,40,,,
Blood draw kits,Unknown,50,,,
spinal needle,Unknown,1,,,
Purple Caps,Unknown,100,,,
Blood draw needles,Unknown,75,,,
Clear collection vials,Unknown,50,,,
needle connected to tubing,Unknown,1,,,
spray bottle top,Unknown,2,,,
cloth? ,Unknown,12,,,
Materials for IG collection ,Unknown,20,,,
Microscope slides,Unknown,2,,,
Finger sock,Unknown,5,,,
stool collection kit ,Unknown,3,,,
Blood Collection Kit,Unknown,70,,,
Vials,Unknown,100,,,
compression glove,Norco,1,,,
single use syringes 2 piece ,Norm-Ject,100,,,
syringe,Norm-Ject,14,,,
Norm-Ject Luer Lock Solo,Norm-Ject,75,,,
Personal Use Pack,OC-Auto,7,,,
Balloon,Olympus,3,,,
"Thunderbeat 5mm, 35cm front-actuated grip type S",Olympus,1,,,
Unscheduled PK,OncoBay,15,,,
DNA collection kit ,Oragene Dx,7,,,
blood draw kits + tubes ,PACE,20,,,
Diapers,Pampers,5,,,
Training underwear,Pampers,18,,,
Diapers ,Pampers,4,,,
Diapers ,Pampers,4,,,
Wipes,Pampers,56,,,
diapers ,Pampers ,64,,,
Stool Specimen Cup ,Para-Pak,1,,,
Probe cover,Parker laboratories,9,,,
ultrasounds transmission gel ,Parker Laboratories ,288,,,
Peripheral orbital system,Pas Technology ,1,,,
Povidone-Iodine Swabstick,PDI,5,,,
Providone iodine swabstick ,PDI,5,,,
Drill kit,Phasor,1,,,
Drill With Kit,Phasor,1,,,
drill with kit,Phasor,1,,,
Wee Soothie (pacifier),Philips,1,,,
Newborn Pacifier,Philips,1,,,
Nose cushion,Philips,2,,,
straight connector,Pleur-evac,1,,,
Wireless Chair Sensor pad,Posey,1,,,
Pulse Oximeter Probe Wraps,Posey,12,,,
battery,ProCell,1,,,
Sterile Polyester Tipped Applicators,Puritan,1,,,
Sterile Rayon Tipped Applicator,Puritan,24,,,
Sterile Rayon Tipped Applicator,Puritan,25,,,
Sterile Rayon Tipped Applicator,Puritan,23,,,
Gel wrap,Quintiles Laboratories ,4,,,
gel wrap,Quintiles Laboratories ,14,,,
Gel Packs,Quintiles Laboratories ,20,,,
Aspirator,Radiometer,1,,,
Clinitubes,Radiometer,1,,,
Aerosol Filter Mask,Respan,3,,,
Calcium Alginate Dressing,Restore ,10,,,
hydrocolloid dressing ,Restore ,5,,,
Finger Splints,Richardson Products,2,,,
Nail,Saint Johns,1,,,
Nasal Divided Cannula,Salter Labs,1,,,
Nasal Cannulas,Salter Labs,3,,,
"Test Tube, White",Sarstedt ,100,,,
"UPEP Tube, Red",Sarstedt ,100,,,
Safety Multifly Needle,Sarstedt ,1,,,
Probe Covers,Sheathes,75,,,
"Uncuffed Tracheal Tube, Murphy Eye, Oral/Nasal",Sheridan ,1,,,
Tracheal Tube,Shiley,2,,,
Disposable Inner Canula,Shiley,1,,,
Heart Pillow (literally),Shumsky ,1,,,
Orange Sample Canister,Simport,1,,,
Forceps,Sklar,4,,,
ROCH-PEAN FORCEPS,Sklar,2,,,
Forceps ,Sklar,25,,,
Dressing Forcep Serrated,Sklar,1,,,
Forceps,Sklar,3,,,
Forceps,Sklar,25,,,
Roch pean forceps,Sklar,25,,,
mayo hegar,Sklar,2,,,
Iris Scissors 4.5’’,Sklar,1,,,
MAYO scissors ,Sklar,1,,,
ROCH-PEAN FORCEPS,Sklar,16,,,
Surgical scissors ,Sklar,3,,,
scissors,Sklar,4,,,
Magil cath fcp ,Sklar ,1,,,
Tracheostomy ,Smith & Nephew,9,,,
Allevyn tracheostomy ,Smith & Nephew,1,,,
Bandage,Smith & Nephew,200,,,
Bandages,Smith & Nephew,5,,,
Allevyn classic,Smith & Nephew,10,,,
Allevyn non adhesive,Smith & Nephew,4,,,
Epidural Catheter,Smiths Medical,6,,,
Epidural Catheter,Smiths Medical,4,,,
Catheter Connector,Smiths Medical,6,,,
tracheostomy tube ,Smiths Medical,1,,,
Resistance syringe ,Smiths Medical,2,,,
Silicone Tracheostomy Tube,Smiths Medical,1,,,
Foley Catheter,Smiths Medical,14,,,
IV Catheter,Smiths Medical,1,,,
Syringe and Needle,Smiths Medical,1,,,
Luer Lock Plug,Smiths Medical,210,,,
Luer lock plug ,Smiths Medical,39,,,
Cadd extension set,Smiths Medical,1,,,
Line draw arterial blood sampling kit,Smiths Medical,2,,,
Hypodermic Needle Pro Safety Device ,Smiths Medical,25,,,
Hypodermic Needle,Sol-Millennium,100,,,
Suction safe ,Unknown,1,,,
paper ,Standard Register,1,,,
Plastic circle attachments,Steelcase,50,,,
Suction Valve,Storz,3,,,
Color cuff,Stryker,1,,,
PrimaFit device ,Stryker,1,,,
Suction Sleeve,Stryker,18,,,
Nasopore 8cm,Stryker,1,,,
Nasopore 4cm,Stryker,2,,,
mayo scissor straight ,Stryker,4,,,
Suction swab,Stryker,1,,,
Microcatheter ,Stryker,1,,,
Neuro Guidewire with Hydrophilic coating ,Stryker,2,,,
2% Chlorhexidine Gluconate Cloth,Stryker,24,,,
Washclothes,Stryker,4,,,
Pediatric Bougie Endotracheal Tube Introducer,SunMed,1,,,
Bougie Endotrachael Tube Introducer,SunMed,1,,,
Bougie Endotracheal Tube Introducer,SunMed,20,,,
Introducer ,SunMed ,2,,,
Foley Tray System,SureStep,1,,,
surgical lubricant,Surgilube,1,,,
Non sterile barrier,Symmetry Surgical,1,,,
Disposable single electrode,Technomed,1,,,
hemostatic dressing ,Teleflex,1,,,
Intubating Stylet,Teleflex,1,,,
Bladder catheter tiemann ,Teleflex,2,,,
Flex Tube,Teleflex,5,,,
PVC Nasopharyngeal Airway,Teleflex,2,,,
disposable endotracheal Stylet,Teleflex,1,,,
Madgic ,Teleflex,1,,,
"Blade, Rusch Standard Miller #0 (kigreca)",Teleflex,1,,,
"Blade, Rusch Standard Miller #1 (cozmo)",Teleflex,1,,,
"Blade, Rusch Standard Miller #3",Teleflex,1,,,
"Blade, Rusch Standard Miller #2 (cozmo)",Teleflex,1,,,
"Blade, Rusch Standard Macintosh #3 (cozmo)",Teleflex,1,,,
"Blade, Rusch Standard Macintosh #4 (gladysa)",Teleflex,1,,,
"Blade, Rusch Standard Macintosh #2 (dburmei)",Teleflex,8,,,
Pediatric Medium Concentration Oxygen Mask,Teleflex,9,,,
Larygngeal Tracheal,Teleflex,1,,,
Laryngeal Tracheal Tubing,Teleflex,1,,,
Adult Non-Rebreathing Mask with Safety Vent and Tubing,Teleflex,1,,,
medium titanium ligating clips,Teleflex,1,,,
Humidifier Adapter,Teleflex,1,,,
single-lumen infusion catheter ,Teleflex,1,,,
High Volume Tapered Cuffed Tracheal Tube ,Teleflex,2,,,
Airway,Teleflex,1,,,
Aerosol Face Tent,Teleflex,47,,,
Intubation Stylet,Teleflex,2,,,
Flat epidural filter,Teleflex,2,,,
Tracheal Tube,Teleflex,2,,,
Kit A: Archived Tumor Collection,Tempest Therapeutics,6,,,
Kit B: Paired Biopsy Collection,Tempest Therapeutics,11,,,
kit H: gene expression collection ,Tempest Therapeutics,7,,,
Kit E: Urine for PGE-M and Thromboxane,Tempest Therapeutics,6,,,
kit n: ctdna collection ,Tempest Therapeutics,3,,,
kit s: urine serum plasma and gene expression ,Tempest Therapeutics,1,,,
Kit G: TPST PD Collection (2TP),Tempest Therapeutics,2,,,
kit o: biopsy collection ,Tempest Therapeutics,3,,,
Kit I: Gene Expression Collection (2TP),Tempest Therapeutics,7,,,
kit k : whole blood collection ,Tempest Therapeutics,3,,,
Infant Tether,TenderCare,100,,,
catheter exchange,Terumo,1,,,
Glidewire,Terumo,2,,,
Catheter ,Terumo,4,,,
Pinnacle,Terumo,1,,,
Pinnacle ,Terumo,1,,,
Glidesheath access kit ,Terumo,1,,,
TR band,Terumo,5,,,
Guide Wire M,Terumo,1,,,
Syringe without needle,Terumo,50,,,
Introductor sheath ,Terumo ,1,,,
Introducer Sheath,Terumo ,12,,,
Guiding sheath,Terumo ,1,,,
Disposable Nitrile Gloves xs,Test Equity,100,,,
"polar pack (4 small, 2 big) ",Thermosafe,6,,,
Red Bag,TIDI Products,1,,,
Disposable syringes without needle,TKMD,2,,,
Disposable Syringe Without Needle,TKMD,200,,,
disposable syringe without needle ,TKMD,93,,,
Safety Needle ,TKMD,203,,,
Safety Needle,TKMD,200,,,
Disposable Syringe,TKMD,280,,,
Clear Tape ,Transpore,9,,,
medical tape,Transpore,1,,,
Surgical Gloves,Triumph,1,,,
socks,UltraCare,4,,,
scale,Unknown,1,,,
Misc. (test tubes - multiple sizes),Unknown,150,,,
Bedpans,Unknown,3,,,
Loose scissors ,Unknown,1,,,
Fluid path,Unknown,1,,,
Gloves (XL),Unknown,230,,,
Contact layer silver,Urgo,8,,,
Contact Layer,Urgo,5,,,
Silver dressing ,VAC,2,,,
Balloon Expandable Biliary Stent,Valeo,2,,,
Syringe Needle,VanishPoint,50,,,
Vanishpoint syringe,VanishPoint,100,,,
GlideScope,Verathon,2,,,
Glidescope ,Verathon,10,,,
Gvl 1 stat glide scope ,Verathon,5,,,
Tissue oximeter,ViOptix,1,,,
Sewn Band Bag,Vital Care Industries,1,,,
Small Volume Nebulizer,VixOne,1,,,
95 kPa specimen transport bag,Unknown,15,,,
Disposable Pad Cover,Vyaire,3,,,
cathnglove kit,Vyaire,1,,,
suction cap and glove kit,Vyaire,2,,,
connector,Vygon ,30,,,
Umbilical catheter,Vygon ,1,,,
Gastric tube,Vygon ,1,,,
transfusion catheter kit ,Vygon ,1,,,
Exchange Transfusion set,Vygon ,1,,,
Exchange transfusion set,Vygon ,1,,,
Alcohol swaps,Webcol,2,,,
Specula,Welch Allyn,15,,,
Pediatric Single Use Specula,Welch Allyn,850,,,
Single Use Adult Specula,Welch Allyn,850,,,
Replacement lamp,Welch Allyn,1,,,
Probe Well Kit,Welch Allyn,1,,,
Small Volumr nebulizer,West Med,1,,,
Prep Resistant Skin Marker,WriteSite Plus,1,,,
Start up kit ,Zoll,1,,,